{"cameraMode":{"drawMode":0,"name":"Shaded","section":"Shading Mode"},"sceneLighting":false,"audioPlay":false,"sceneViewState":{"m_AlwaysRefresh":false,"showFog":true,"showSkybox":false,"showFlares":true,"showImageEffects":true,"showParticleSystems":true,"showVisualEffectGraphs":true,"m_FxEnabled":true},"in2DMode":false,"pivot":{"x":0.010671645402908326,"y":0.4744023084640503,"z":-0.024747930467128755},"rotation":{"x":0.07338806241750717,"y":0.09777669608592987,"z":-0.007260098587721586,"w":0.9925035834312439},"size":0.8660253882408142,"orthographic":false}