{"cameraMode":{"drawMode":0,"name":"Shaded","section":"Shading Mode"},"sceneLighting":true,"audioPlay":false,"sceneViewState":{"m_AlwaysRefresh":false,"showFog":true,"showSkybox":true,"showFlares":true,"showImageEffects":true,"showParticleSystems":true,"showVisualEffectGraphs":true,"m_FxEnabled":true},"in2DMode":false,"pivot":{"x":48.77719497680664,"y":65.82929229736328,"z":-25.324546813964845},"rotation":{"x":-0.026996413245797159,"y":0.2870992422103882,"z":0.008104781620204449,"w":0.9574988484382629},"size":73.8511734008789,"orthographic":false}