{"cameraMode":{"drawMode":0,"name":"Shaded","section":"Shading Mode"},"sceneLighting":false,"audioPlay":false,"sceneViewState":{"m_AlwaysRefresh":false,"showFog":true,"showSkybox":false,"showFlares":true,"showImageEffects":true,"showParticleSystems":true,"showVisualEffectGraphs":true,"m_FxEnabled":true},"in2DMode":false,"pivot":{"x":0.04853945970535278,"y":0.5570101141929627,"z":0.7285531759262085},"rotation":{"x":-0.13037148118019105,"y":-0.6755458116531372,"z":0.12314388155937195,"w":-0.7151848077774048},"size":1.2705193758010865,"orthographic":false}