{"cameraMode":{"drawMode":0,"name":"Shaded","section":"Shading Mode"},"sceneLighting":false,"audioPlay":false,"sceneViewState":{"m_AlwaysRefresh":false,"showFog":true,"showSkybox":false,"showFlares":true,"showImageEffects":true,"showParticleSystems":true,"showVisualEffectGraphs":true,"m_FxEnabled":true},"in2DMode":false,"pivot":{"x":0.02454477548599243,"y":1.094257116317749,"z":-0.05385705083608627},"rotation":{"x":0.056150224059820178,"y":-0.8904439806938171,"z":-0.11374861001968384,"w":-0.43717843294143679},"size":0.014168599620461464,"orthographic":false}