{"cameraMode":{"drawMode":0,"name":"Shaded","section":"Shading Mode"},"sceneLighting":true,"audioPlay":false,"sceneViewState":{"m_AlwaysRefresh":false,"showFog":true,"showSkybox":true,"showFlares":true,"showImageEffects":true,"showParticleSystems":true,"showVisualEffectGraphs":true,"m_FxEnabled":true},"in2DMode":false,"pivot":{"x":-67.79957580566406,"y":272.5920104980469,"z":-73.71336364746094},"rotation":{"x":-0.1907728761434555,"y":-0.060063350945711139,"z":0.011673619039356709,"w":-0.9797406196594238},"size":46.839473724365237,"orthographic":false}