{"cameraMode":{"drawMode":0,"name":"Shaded","section":"Shading Mode"},"sceneLighting":false,"audioPlay":false,"sceneViewState":{"m_AlwaysRefresh":false,"showFog":true,"showSkybox":false,"showFlares":true,"showImageEffects":true,"showParticleSystems":true,"showVisualEffectGraphs":true,"m_FxEnabled":true},"in2DMode":false,"pivot":{"x":0.34492993354797366,"y":-0.4427446722984314,"z":0.7869856953620911},"rotation":{"x":-0.12309304624795914,"y":-0.6675698757171631,"z":0.11363773047924042,"w":-0.725527286529541},"size":1.9906253814697266,"orthographic":false}