{"cameraMode":{"drawMode":0,"name":"Shaded","section":"Shading Mode"},"sceneLighting":false,"audioPlay":false,"sceneViewState":{"m_AlwaysRefresh":false,"showFog":true,"showSkybox":false,"showFlares":true,"showImageEffects":true,"showParticleSystems":true,"showVisualEffectGraphs":true,"m_FxEnabled":true},"in2DMode":false,"pivot":{"x":-1.4901161193847657e-8,"y":0.3916504383087158,"z":0.7876373529434204},"rotation":{"x":0.029245896264910699,"y":-0.8660121560096741,"z":-0.05027256906032562,"w":-0.49676060676574709},"size":0.9037824273109436,"orthographic":true}