{"cameraMode":{"drawMode":0,"name":"Shaded","section":"Shading Mode"},"sceneLighting":false,"audioPlay":false,"sceneViewState":{"m_AlwaysRefresh":false,"showFog":true,"showSkybox":false,"showFlares":true,"showImageEffects":true,"showParticleSystems":true,"showVisualEffectGraphs":true,"m_FxEnabled":true},"in2DMode":false,"pivot":{"x":-1.227471113204956,"y":-0.6276217699050903,"z":1.6525304317474366},"rotation":{"x":-0.12697388231754304,"y":0.08677137643098831,"z":-0.011152319610118866,"w":-0.9880468845367432},"size":3.9700281620025636,"orthographic":false}