{"cameraMode":{"drawMode":0,"name":"Shaded","section":"Shading Mode"},"sceneLighting":false,"audioPlay":false,"sceneViewState":{"m_AlwaysRefresh":false,"showFog":true,"showSkybox":false,"showFlares":true,"showImageEffects":true,"showParticleSystems":true,"showVisualEffectGraphs":true,"m_FxEnabled":true},"in2DMode":false,"pivot":{"x":0.010671645402908326,"y":0.4744023084640503,"z":-0.024747930467128755},"rotation":{"x":0.19816894829273225,"y":0.5712113976478577,"z":-0.14455340802669526,"w":0.7833304405212402},"size":0.5573094487190247,"orthographic":false}