{"cameraMode":{"drawMode":0,"name":"Shaded","section":"Shading Mode"},"sceneLighting":false,"audioPlay":false,"sceneViewState":{"m_AlwaysRefresh":false,"showFog":true,"showSkybox":false,"showFlares":true,"showImageEffects":true,"showParticleSystems":true,"showVisualEffectGraphs":true,"m_FxEnabled":true},"in2DMode":false,"pivot":{"x":-2.226672649383545,"y":-0.6186847686767578,"z":12.864397048950196},"rotation":{"x":-0.33142900466918948,"y":0.00809903908520937,"z":-0.002845141338184476,"w":-0.9435071349143982},"size":8.296332359313965,"orthographic":false}